# 02805 week 4 — k-clique community membership counts, giant component only
# k6_n / k7_n: how many k-clique-communities (k=6, k=7) that node belongs to.
# Built by tools/build_week4_analysis.py.
node_id	k6_n	k7_n
'Ali_ibn_al-'Abbas_al-Majusi	0	0
8th_Karmapa,_Mikyö_Dorje	0	0
A._V._Dicey	0	0
Abbo_of_Fleury	0	0
Abhinavagupta	0	0
Abner_of_Burgos	0	0
Abraham_Maimonides	0	0
Abraham_Tucker	0	0
Abraham_bar_Hiyya	0	0
Abraham_ibn_Daud	0	0
Abraham_ibn_Ezra	0	0
Abu_Bakr_al-Razi	1	0
Abu_Hanifa	0	0
Abu_Hatim_Ahmad_ibn_Hamdan_al-Razi	0	0
Abu_Hayyan_al-Tawhidi	0	0
Abu_Ma'shar_al-Balkhi	0	0
Abu_Mansur_al-Maturidi	0	0
Abu_Sulayman_Sijistani	0	0
Abu_Ya'qub_al-Sijistani	0	0
Abu_Zayd_al-Balkhi	0	0
Abu_al-Hakam_al-Kirmani	0	0
Abu_al-Hasan_al-Ash'ari	0	0
Abu_al-Hassan_al-Amiri	0	0
Adam_Ferguson	1	0
Adam_Smith	2	1
Adam_of_Balsham	0	0
Adam_of_Wodeham	0	0
Addison_Webster_Moore	0	0
Adelard_of_Bath	0	0
Adi_Shankara	0	0
Adolf_Reinach	0	0
Aedesius	0	0
Aenesidemus	1	0
Afrikan_Spir	0	0
Agostino_Nifo	0	0
Agrippa_the_Skeptic	0	0
Ahad_Ha'am	0	0
Ahmad_ibn_Hanbal	0	0
Ahmad_ibn_al-Tayyib_al-Sarakhsi	0	0
Ajita_Kesakambali	0	0
Akka_Mahadevi	0	0
Akshobhya_Tirtha	0	0
Al-Allama_al-Hilli	0	0
Al-Baqillani	0	0
Al-Farabi	1	1
Al-Ghazali	1	1
Al-Juwayni	0	0
Al-Kindi	1	1
Al-Ma'arri	0	0
Al-Mawardi	0	0
Al-Qadi_Abd_al-Jabbar	0	0
Al-Qushayri	0	0
Al-Shafi'i	0	0
Alain_(philosopher)	0	0
Alain_LeRoy_Locke	0	0
Alain_de_Lille	0	0
Albert_Einstein	1	1
Albert_Schweitzer	1	0
Albert_of_Saxony_(philosopher)	1	0
Albertus_Magnus	1	1
Albinus_(philosopher)	0	0
Alcibiades	1	0
Alcinous_(philosopher)	0	0
Alcmaeon_of_Croton	1	1
Alcuin	0	0
Alejandro_Korn	0	0
Aleksei_Losev	0	0
Aleksey_Khomyakov	0	0
Alessandro_Achillini	0	0
Alexander_Bain_(philosopher)	0	0
Alexander_Bogdanov	0	0
Alexander_Bryan_Johnson	0	0
Alexander_Gottlieb_Baumgarten	0	0
Alexander_Herzen	1	0
Alexander_Neckam	0	0
Alexander_of_Aphrodisias	0	0
Alexander_of_Hales	1	0
Alexandre_Koyré	1	0
Alexis_de_Tocqueville	0	0
Alexius_Meinong	0	0
Alf_Ross	0	0
Alfred_Baeumler	0	0
Alfred_Jarry	0	0
Alfred_Loisy	0	0
Alfred_North_Whitehead	1	1
Alfred_Russel_Wallace	0	0
Alfred_Schütz	0	0
Algernon_Sidney	0	0
Ambrose	0	0
Ammonius_Hermiae	2	1
Ammonius_Saccas	0	0
Anacharsis	0	0
Ananda_Coomaraswamy	0	0
Anandavardhana	0	0
Anaxagoras	1	1
Anaxarchus	1	0
Anaxilaus	0	0
Anaximander	1	1
Anaximenes_of_Miletus	1	1
Andrea_Cesalpino	0	0
Andronicus_of_Rhodes	0	0
Anna_Maria_van_Schurman	0	0
Anne_Conway_(philosopher)	0	0
Anniceris	0	0
Anselm_of_Canterbury	1	0
Anthony_Ashley-Cooper,_3rd_Earl_of_Shaftesbury	1	2
Anthony_Collins_(philosopher)	0	0
Antiochus_of_Ascalon	0	0
Antiphon_(orator)	0	0
Antisthenes	1	1
Antoine_Arnauld	0	0
Antoine_Augustin_Cournot	0	0
Antoine_Le_Grand	0	0
Anton_Wilhelm_Amo	0	0
Antonio_Gramsci	1	0
Antonio_Labriola	0	0
Antonio_Rosmini	0	0
Apollonius_of_Tyana	0	0
Apuleius	1	0
Arcesilaus	3	1
Archibald_Alison_(author)	0	0
Archimedes	0	0
Archytas	1	1
Aristides_of_Athens	0	0
Aristippus	1	0
Aristo_of_Chios	1	0
Aristotle	7	6
Aristoxenus	1	0
Arius	0	0
Arnold_Geulincx	0	0
Arnold_Ruge	0	0
Arthur_Collier	1	0
Arthur_Eddington	0	0
Arthur_Oncken_Lovejoy	0	0
Arthur_Schopenhauer	3	4
Arthur_de_Gobineau	0	0
Asanga	0	0
Asclepiades_of_Bithynia	0	0
Ashtavakra	0	0
Aspasius	0	0
Athanasius_of_Alexandria	0	0
Atiśa	0	0
August_Cieszkowski	0	0
August_Wilhelm_Rehberg	0	0
Auguste_Comte	0	0
Augustine_of_Hippo	2	0
Augustus_De_Morgan	1	0
Avempace	1	1
Averroes	1	1
Avicenna	2	2
Axel_Hägerström	0	0
B._R._Ambedkar	0	0
Bahya_ibn_Paquda	0	0
Baltasar_Gracián	0	0
Baron_d'Holbach	2	0
Bartholomäus_Keckermann	0	0
Bartolomé_de_Medina_(theologian)	0	0
Bartolus_de_Saxoferrato	0	0
Baruch_Spinoza	3	7
Basava	0	0
Basilides	0	0
Bede	0	0
Benedetto_Croce	0	0
Benjamin_Constant	0	0
Benjamin_Franklin	1	0
Benjamin_Paul_Blood	0	0
Benjamin_Peirce	0	0
Benjamin_Tucker	0	0
Benjamin_Whichcote	0	0
Bernard_Bolzano	0	0
Bernard_Bosanquet_(philosopher)	2	0
Bernard_Le_Bovier_de_Fontenelle	1	0
Bernard_Mandeville	0	0
Bernard_of_Chartres	0	0
Bernard_of_Clairvaux	0	0
Bernardino_Telesio	0	0
Bernardus_Silvestris	0	0
Bernhard_Riemann	0	0
Bertrand_Russell	3	1
Bessarion	0	0
Bhartṛhari	0	0
Bhoja	0	0
Blaise_Pascal	0	0
Blasius_of_Parma	0	0
Bodhidharma	0	0
Boethius	1	0
Boetius_of_Dacia	0	0
Bonaventure	3	0
Borden_Parker_Bowne	0	0
Brand_Blanshard	1	0
Branislav_Petronijević	1	0
Bruno_Bauer	0	0
Buddhaghosa	0	0
Burchard_of_Worms	0	0
Béla_Hamvas	0	0
C._D._Broad	0	0
C._E._M._Joad	0	0
C._I._Lewis	1	0
C._S._Lewis	0	0
Cai_Yuanpei	0	0
Calcidius	0	0
Callicles	0	0
Candidus_(fl._793–802)	0	0
Carl_Jung	1	0
Carl_Linnaeus	0	0
Carl_Schmitt	0	0
Carl_Stumpf	0	0
Carlo_Cattaneo	0	0
Carlo_Michelstaedter	0	0
Carneades	0	0
Cassius_Longinus_(philosopher)	0	0
Catharine_Trotter_Cockburn	0	0
Cavalcante_de'_Cavalcanti	0	0
Cebes	1	0
Celsus	0	0
Cesare_Beccaria	0	0
Cesare_Cremonini_(philosopher)	0	0
Ch'ien_Mu	0	0
Chaerephon	0	0
Chaitanya_Mahaprabhu	0	0
Chanakya	0	0
Chandrakirti	0	0
Chao_Cuo	0	0
Charles_Babbage	0	0
Charles_Bell	0	0
Charles_Bonnet	0	0
Charles_Darwin	0	0
Charles_Fourier	0	0
Charles_Hartshorne	1	0
Charles_Renouvier	0	0
Charles_Sanders_Peirce	2	1
Charles_Secrétan	0	0
Charlotte_Perkins_Gilman	0	0
Chauncey_Wright	0	0
Cheng_Hao	1	1
Cheng_Yi_(philosopher)	1	1
Christiaan_Huygens	2	1
Christian_August_Crusius	0	0
Christian_Hermann_Weisse	0	0
Christian_Thomasius	0	0
Christian_Wolff_(philosopher)	0	0
Christian_von_Ehrenfels	0	0
Christine_de_Pizan	0	0
Christoph_Gottfried_Bardili	0	0
Chrysanthius	0	0
Chrysippus	3	0
Cicero	4	1
Clarembald_of_Arras	0	0
Claude_Adrien_Helvétius	1	0
Claude_Buffier	0	0
Cleanthes	1	0
Clement_of_Alexandria	1	1
Cleobulus	0	0
Cleomedes	0	0
Clitomachus_(philosopher)	0	0
Confucius	0	0
Constantin_Brunner	0	0
Crantor	0	0
Crates_of_Thebes	1	0
Cratylus	0	0
Curt_John_Ducasse	0	0
Cyril_of_Alexandria	0	0
Dai_Zhen	0	0
Damaris_Cudworth_Masham	1	1
Damascius	1	1
Daniel_Raymond	0	0
Dante_Alighieri	1	0
David_Brewster	0	0
David_Hartley_(philosopher)	0	0
David_Hilbert	0	0
David_Hume	7	7
David_Ricardo	1	0
David_Strauss	0	0
David_ibn_Merwan_al-Mukkamas	0	0
David_of_Dinant	0	0
David_the_Invincible	0	0
Dawud_al-Zahiri	0	0
Debendranath_Tagore	0	0
Demetrius_the_Cynic	0	0
Democritus	1	1
Deng_Xi	0	0
Denis_Diderot	2	0
Denis_the_Carthusian	0	0
Dharmakirti	0	0
Diagoras_of_Melos	0	0
Dietrich_von_Hildebrand	0	0
Dignāga	0	0
Dimitri_Uznadze	0	0
Dimitrije_Mitrinović	0	0
Diodorus_Cronus	1	0
Diogenes	1	1
Diogenes_Laertius	3	3
Diogenes_of_Apollonia	1	1
Diogenes_of_Oenoanda	0	0
Dnyaneshwar	0	0
Domingo_Báñez	0	0
Domingo_de_Soto	0	0
Dominicus_Gundissalinus	0	0
Dong_Zhongshu	0	0
Dorothy_Maud_Wrinch	0	0
Dugald_Stewart	1	0
Dunash_ibn_Tamim	0	0
Duns_Scotus	2	0
Durandus_of_Saint-Pourçain	0	0
Désiré-Joseph_Mercier	0	0
Dōgen	0	0
Edgar_S._Brightman	0	0
Edith_Stein	0	0
Edmund_Burke	1	0
Edmund_Gurney	0	0
Edmund_Husserl	3	0
Eduard_Bernstein	1	1
Eduard_Zeller	0	0
Eduard_von_Hartmann	2	0
Edvard_Westermarck	0	0
Edward_Caird	0	0
Edward_Herbert,_1st_Baron_Herbert_of_Cherbury	0	0
Edward_Stillingfleet	0	0
Ehrenfried_Walther_von_Tschirnhaus	0	0
Elbert_Hubbard	0	0
Elia_del_Medigo	0	0
Elias_(Greek_scholar)	0	0
Elisabeth_of_the_Palatinate	0	0
Ellopion_of_Peparethus	0	0
Emanuel_Swedenborg	0	0
Emer_de_Vattel	0	0
Emil_Brunner	0	0
Emil_Leon_Post	0	0
Emil_du_Bois-Reymond	0	0
Empedocles	1	1
Epicharmus_of_Cos	1	1
Epictetus	0	0
Epicurus	1	1
Epimenides	0	0
Erasmus	1	0
Eric_Hoffer	0	0
Ernst_Bloch	0	0
Ernst_Cassirer	0	0
Ernst_Haeckel	0	0
Ernst_Jünger	0	0
Ernst_Mach	1	0
Ernst_Mally	0	0
Ernst_Troeltsch	0	0
Ernst_Zermelo	0	0
Erwin_Rohde	0	0
Erwin_Schrödinger	0	0
Eubulides	0	0
Euclid	0	0
Euclid_of_Megara	1	0
Eudoxus_of_Cnidus	1	0
Eugen_Dühring	1	0
Eusebius	1	1
F._C._S._Schiller	1	0
F._H._Bradley	1	0
Fakhr_al-Din_al-Razi	0	0
Favorinus	0	0
Fazang	0	0
Feliks_Koneczny	0	0
Felix_Weltsch	0	0
Feng_Youlan	0	0
Ferdinand_Lassalle	1	0
Ferdinand_de_Saussure	0	0
Firmin_Abauzit	0	0
Florian_Znaniecki	0	0
Francesco_Algarotti	0	0
Francesco_Silvestri_(theologian)	0	0
Francesco_de_Sanctis	0	0
Francis_Bacon	2	0
Francis_Haywood	0	0
Francis_Hutcheson_(philosopher)	1	2
Francis_of_Assisi	0	0
Francis_of_Marchia	0	0
Francis_of_Meyronnes	0	0
Francisco_Romero_(philosopher)	0	0
Francisco_Sanches	0	0
Francisco_Suárez	1	0
Francisco_de_Toledo_(Jesuit)	0	0
Francisco_de_Vitoria	0	0
Franciscus_Mercurius_van_Helmont	0	0
Franciscus_Patricius	2	0
Franklin_Merrell-Wolff	0	0
Franz_Brentano	0	0
Franz_Rosenzweig	0	0
Franz_Xaver_von_Baader	0	0
François_Bernier	0	0
François_Fénelon	0	0
François_Rabelais	0	0
Fridugisus	0	0
Friedrich_Adolf_Trendelenburg	1	0
Friedrich_Albert_Lange	0	0
Friedrich_Carl_von_Savigny	0	0
Friedrich_Eduard_Beneke	0	0
Friedrich_Engels	3	2
Friedrich_Harms	0	0
Friedrich_Hayek	2	0
Friedrich_Heinrich_Jacobi	1	1
Friedrich_Hölderlin	0	0
Friedrich_Meinecke	0	0
Friedrich_Nietzsche	5	2
Friedrich_Schiller	1	0
Friedrich_Schlegel	1	0
Friedrich_Schleiermacher	1	1
Friedrich_Waismann	0	0
Friedrich_Wilhelm_Joseph_Schelling	2	3
Fritz_Mauthner	0	0
Fujiwara_Seika	0	0
Fulbert_of_Chartres	0	0
Fyodor_Dostoevsky	0	0
Félicité_de_La_Mennais	0	0
Félix_Ravaisson-Mollien	0	0
G._E._Moore	1	0
Gabriel_Biel	0	0
Gabriel_Bonnot_de_Mably	0	0
Gabriel_Marcel	0	0
Gabriel_Vásquez	0	0
Gabrielle_Suchon	0	0
Gaetano_Mosca	0	0
Gaius_Blossius	0	0
Gaius_Marius_Victorinus	0	0
Gaius_Musonius_Rufus	0	0
Galen	2	1
Galileo_Galilei	2	0
Galvano_Della_Volpe	0	0
Gaozi	0	0
Gaston_Bachelard	0	0
Gaudapada	0	0
Gaṅgeśa	0	0
Geminus	0	0
Gemistos_Plethon	0	0
Gennadius_Scholarius	0	0
Georg_Anton_Friedrich_Ast	0	0
Georg_Cantor	1	0
Georg_Christoph_Lichtenberg	0	0
Georg_Mehlis	0	0
Georg_Simmel	1	0
Georg_Wilhelm_Friedrich_Hegel	7	6
George_Berkeley	1	4
George_Boas	0	0
George_Boole	1	0
George_Croom_Robertson	0	0
George_Eliot	0	0
George_Grote	0	0
George_Gurdjieff	0	0
George_Henry_Lewes	0	0
George_Herbert_Mead	0	0
George_Santayana	1	1
George_Stout	0	0
George_of_Trebizond	0	0
Georges-Louis_Leclerc,_Comte_de_Buffon	0	0
Georges_Bataille	0	0
Georges_Florovsky	0	0
Georges_Sorel	0	0
Georgi_Plekhanov	2	2
Gerard_of_Cremona	1	0
Gerardus_Odonis	0	0
Germaine_de_Staël	1	0
Gerolamo_Cardano	0	0
Gerrard_Winstanley	0	0
Gershom_Carmichael	0	0
Gersonides	0	0
Giacomo_Leopardi	1	0
Giambattista_Vico	0	0
Gilbert_de_la_Porrée	0	0
Giles_of_Rome	0	0
Giordano_Bruno	1	0
Giovanni_Botero	0	0
Giovanni_Gentile	0	0
Giovanni_Pico_della_Mirandola	0	0
Giuseppe_Ferrari_(philosopher)	0	0
Giuseppe_Peano	0	0
Godfrey_of_Fontaines	0	0
Gongsun_Long	0	0
Gorgias	2	1
Gottfried_Wilhelm_Leibniz	5	8
Gotthold_Ephraim_Lessing	0	0
Gottlob_Ernst_Schulze	0	0
Gottlob_Frege	1	0
Gottschalk_of_Orbais	0	0
Gregor_Mendel	0	0
Gregory_Palamas	0	0
Gregory_of_Nyssa	0	0
Gregory_of_Rimini	0	0
Guan_Zhong	0	0
Guifeng_Zongmi	0	0
Guillaume_de_Pierre_Godin	0	0
Guillaume_du_Vair	0	0
Guo_Xiang	0	0
Gustav_Fechner	1	1
Gustav_Shpet	0	0
Gustav_Teichmüller	0	0
Gustave_Belot	0	0
György_Lukács	3	0
Géraud_de_Cordemoy	0	0
Gārgī_Vāchaknavī	0	0
H._A._Prichard	0	0
H._H._Price	0	0
H._Richard_Niebuhr	0	0
Hadi_Sabzavari	0	0
Hajime_Tanabe	1	0
Hamid_al-Din_al-Kirmani	0	0
Han_Fei	1	0
Han_Yu	0	0
Hans_Cornelius	0	0
Hans_Driesch	0	0
Hans_Freyer	0	0
Hans_Kelsen	0	0
Hans_Reichenbach	0	0
Hans_Vaihinger	0	0
Harald_Høffding	0	0
Harriet_Martineau	0	0
Harriet_Taylor_Mill	0	0
Hasdai_Crescas	0	0
Hastings_Rashdall	0	0
He_Yan	0	0
Hecato_of_Rhodes	0	0
Hegesias_of_Cyrene	0	0
Heinrich_Cornelius_Agrippa	0	0
Heinrich_Hertz	0	0
Heinrich_Moritz_Chalybäus	0	0
Heinrich_Rickert	0	0
Heinrich_von_Kleist	0	0
Heiric_of_Auxerre	0	0
Hemachandra	0	0
Henri-Frédéric_Amiel	0	0
Henri_Bergson	1	1
Henri_Poincaré	0	0
Henri_de_Saint-Simon	0	0
Henricus_Regius	0	0
Henry_Brougham,_1st_Baron_Brougham_and_Vaux	0	0
Henry_David_Thoreau	0	0
Henry_George	0	0
Henry_Home,_Lord_Kames	0	0
Henry_James_Sr.	0	0
Henry_Longueville_Mansel	0	0
Henry_More	0	0
Henry_Sidgwick	0	0
Henry_Suso	0	0
Henry_of_Ghent	0	0
Henry_of_Harclay	0	0
Heraclides_Ponticus	1	0
Heraclitus	2	3
Herbert_Marcuse	0	0
Herbert_Spencer	1	0
Herman_Dooyeweerd	0	0
Herman_of_Carinthia	0	0
Hermann_Cohen	0	0
Hermann_Friedrich_Wilhelm_Hinrichs	0	0
Hermann_Lotze	1	1
Hermann_Samuel_Reimarus	0	0
Hermann_Ulrici	0	0
Hermann_Weyl	0	0
Hermann_von_Helmholtz	0	0
Hervaeus_Natalis	0	0
Hicetas	0	0
Hildegard_of_Bingen	0	0
Hillel_ben_Samuel	0	0
Himerius	0	0
Hincmar	0	0
Hipparchia_of_Maroneia	0	0
Hippasus	0	0
Hippias	1	0
Hippocrates	0	0
Hippolyte_Taine	0	0
Hryhorii_Skovoroda	0	0
Hu_Shih	0	0
Huang_Zongxi	0	0
Hugh_Binning	0	0
Hugh_Blair	0	0
Hugh_of_Saint_Victor	0	0
Hugo_Dingler	0	0
Hugo_Grotius	2	0
Hugo_Kołłątaj	0	0
Hui_Shi	0	0
Humphry_Ditton	0	0
Hunayn_ibn_Ishaq	1	0
Hypatia	1	1
I._A._Richards	0	0
Iamblichus	1	1
Ibn_Arabi	0	0
Ibn_Furak	0	0
Ibn_Hazm	0	0
Ibn_Kammuna	0	0
Ibn_Khaldun	1	1
Ibn_Malka_al-Baghdadi	0	0
Ibn_Masarra	0	0
Ibn_Sab'in	0	0
Ibn_Taymiyya	0	0
Ibn_Tufayl	2	2
Ibn_al-Haytham	2	1
Ibn_al-Khammar	0	0
Ibn_al-Muqaffa'	0	0
Ibn_al-Rawandi	0	0
Ibn_al-Tayyib	1	1
Ibrahim_al-Nazzam	0	0
Immanuel_Hermann_Fichte	0	0
Immanuel_Kant	7	7
Immanuel_the_Roman	0	0
Ioane_Petritsi	0	0
Isaac_Abarbanel	0	0
Isaac_Israeli_ben_Solomon	1	0
Isaac_La_Peyrère	0	0
Isaac_Newton	4	3
Isaac_Orobio_de_Castro	0	0
Isaac_ben_Joseph_ibn_Pulgar	0	0
Isaac_ben_Moses_Arama	0	0
Isaac_de_Pinto	0	0
Isidore_of_Seville	0	0
Isocrates	1	0
Israel_Salanter	0	0
Itō_Jinsai	0	0
Ivan_Ilyin	0	0
J._H._Muirhead	1	0
J._M._E._McTaggart	0	0
Jabir_ibn_Hayyan	0	0
Jacob_Burckhardt	0	0
Jacob_Friedrich_von_Abel	0	0
Jacobus_Arminius	0	0
Jacopo_Mazzoni	0	0
Jacopo_Zabarella	0	0
Jacques_Maritain	0	0
Jacques_Rohault	0	0
Jahm_bin_Safwan	0	0
Jaimini	0	0
Jakob_Böhme	0	0
Jakob_Friedrich_Fries	1	0
Jakob_Lorber	0	0
Jakob_Sigismund_Beck	0	0
Jalal_al-Din_Davani	0	0
Jamal_al-Din_al-Afghani	0	0
James_Beattie_(poet)	0	0
James_Bryce,_1st_Viscount_Bryce	0	0
James_Burnett,_Lord_Monboddo	0	0
James_Clerk_Maxwell	0	0
James_Dalrymple,_1st_Viscount_of_Stair	0	0
James_Edwin_Creighton	0	0
James_Frederick_Ferrier	0	0
James_Harrington_(author)	0	0
James_Hutchison_Stirling	0	0
James_Mark_Baldwin	1	0
James_Martineau	0	0
James_McCosh	0	0
James_Mill	1	0
James_Sully	0	0
James_Ward_(psychologist)	0	0
James_of_Viterbo	0	0
Jan_Hus	0	0
Jan_Łukasiewicz	0	0
Jan_Śniadecki	0	0
Jayanta_Bhatta	0	0
Jayatirtha	0	0
Je_Tsongkhapa	0	0
Jean-Baptiste_Lamarck	0	0
Jean-Jacques_Rousseau	8	1
Jean-Pierre_de_Crousaz	0	0
Jean_Anthelme_Brillat-Savarin	0	0
Jean_Bodin	2	0
Jean_Buridan	1	0
Jean_Gerson	0	0
Jean_Le_Clerc_(theologian)	0	0
Jean_Le_Rond_d'Alembert	1	0
Jean_Piaget	0	0
Jean_Wahl	0	0
Jeremy_Bentham	2	0
Jerome_Frank	0	0
Jesus	0	0
Ji_Kang	0	0
Jia_Yi	0	0
Jiddu_Krishnamurti	0	0
Jinul	0	0
Joachim_Jungius	0	0
Joachim_of_Fiore	0	0
Johann_Augustus_Eberhard	0	0
Johann_Friedrich_Herbart	1	1
Johann_Georg_Hamann	0	0
Johann_Gottfried_Herder	1	0
Johann_Gottlieb_Fichte	1	3
Johann_Heinrich_Abicht	0	0
Johann_Heinrich_Lambert	0	0
Johann_Ulrich_von_Cramer	0	0
Johann_Wolfgang_von_Goethe	3	1
Johannes_Clauberg	0	0
Johannes_Crellius	0	0
Johannes_Kepler	1	0
Johannes_Nikolaus_Tetens	0	0
Johannes_Tauler	0	0
John_Adams	1	0
John_Allen_(historian)	0	0
John_Amos_Comenius	0	0
John_Anderson_(philosopher)	0	0
John_Austin_(legal_philosopher)	0	0
John_B._Watson	0	0
John_Balguy	0	0
John_Ballantyne_(minister)	0	0
John_Calvin	0	0
John_Capreolus	0	0
John_Cook_Wilson	0	0
John_Dewey	1	1
John_Elof_Boodin	0	0
John_Fiske_(philosopher)	0	0
John_Gay	0	0
John_Grote	0	0
John_Henry_Newman	0	0
John_Herschel	0	0
John_Hoppus	1	0
John_Lewis_(philosopher)	0	0
John_Locke	8	6
John_Macmurray	0	0
John_Major_(philosopher)	0	0
John_Maynard_Keynes	0	0
John_Millar_(philosopher)	0	0
John_Norris_(philosopher)	0	0
John_Peckham	2	1
John_Philoponus	1	1
John_Ray	0	0
John_Scotus_Eriugena	1	0
John_Selden	0	0
John_Sergeant_(priest)	0	0
John_Stuart_Mill	0	0
John_Theophilus_Desaguliers	0	0
John_Toland	0	0
John_Veitch_(poet)	0	0
John_Venn	0	0
John_Witherspoon	0	0
John_Wycliffe	0	0
John_of_Damascus	0	0
John_of_Jandun	0	0
John_of_La_Rochelle	0	0
John_of_Mirecourt	0	0
John_of_Paris	0	0
John_of_Ruusbroec	0	0
John_of_Salisbury	0	0
John_of_St._Thomas	0	0
Jonathan_Edwards_(theologian)	0	0
Joseph_Butler	1	2
Joseph_Glanvill	0	0
Joseph_Priestley	4	0
Joseph_Schumpeter	0	0
Joseph_Solomon_Delmedigo	0	0
Joseph_de_Maistre	0	0
Joseph_ibn_Tzaddik	0	0
Josephus_Flavius_Cook	0	0
Josiah_Royce	1	1
José_Ortega_y_Gasset	0	0
Juan_Donoso_Cortés	0	0
Juan_Luis_Vives	0	0
Juan_de_Mariana	0	0
Judah_Halevi	0	0
Judah_Leon_Abravanel	0	0
Judah_Messer_Leon	0	0
Judah_ben_Moses_Romano	0	0
Judah_ben_Samuel_of_Regensburg	0	0
Jules_Barthélemy-Saint-Hilaire	0	0
Jules_Lachelier	0	0
Jules_Lequier	0	0
Julien_Benda	0	0
Julien_Offray_de_La_Mettrie	0	0
Julius_Caesar_Scaliger	0	0
Julius_Ebbinghaus	0	0
Julius_Evola	0	0
Julius_Hare_(theologian)	0	0
Justinian_I	0	0
Justus_Lipsius	0	0
Józef_Maria_Hoene-Wroński	0	0
Kabir	0	0
Kaibara_Ekken	0	0
Kang_Youwei	0	0
Kapila	0	0
Karl_Barth	0	0
Karl_Christian_Friedrich_Krause	0	0
Karl_Jaspers	1	0
Karl_Kautsky	1	1
Karl_Kraus_(writer)	0	0
Karl_Leonhard_Reinhold	1	0
Karl_Llewellyn	0	0
Karl_Mannheim	1	0
Karl_Marx	8	3
Karl_Olivecrona	0	0
Karl_Renner	0	0
Karl_Rosenkranz	0	0
Karl_Wilhelm_Ferdinand_Solger	0	0
Karl_von_Prantl	0	0
Kavindra_Tirtha	0	0
Kazimierz_Ajdukiewicz	0	0
Kazimierz_Twardowski	0	0
Kaṇāda	0	0
Kenelm_Digby	0	0
Kitarō_Nishida	1	3
Kiyoshi_Miki	1	0
Konstantin_Aksakov	0	0
Konstantin_Kavelin	0	0
Konstantin_Leontiev	0	0
Konstantin_Pobedonostsev	0	0
Kumazawa_Banzan	0	0
Kumārila_Bhaṭṭa	0	0
Kundakunda	0	0
Kuno_Fischer	2	2
Kurt_Grelling	0	0
Kurt_Lewin	0	0
Kūkai	0	0
L._E._J._Brouwer	0	0
Lady_Mary_Shepherd	0	0
Laetitia_Matilda_Hawkins	0	0
Laozi	0	0
Leo_Strauss	2	1
Leo_Tolstoy	0	0
Leon_Battista_Alberti	1	0
Leon_Chwistek	0	0
Leon_Trotsky	1	1
Leonard_Hobhouse	0	0
Leonard_Nelson	0	0
Leopold_Kronecker	0	0
Leslie_Stephen	0	0
Leucippus	1	1
Lev_Shestov	0	0
Lev_Vygotsky	0	0
Lewis_Carroll	0	0
Li_Ao_(philosopher)	0	0
Li_Kui_(legalist)	0	0
Li_Si	1	0
Liang_Qichao	0	0
Liang_Shuming	0	0
Linji_Yixuan	0	0
Liu_An	0	0
Liu_Shaoqi	0	0
Lorenz_Oken	0	0
Lorenzo_Valla	0	0
Louis_Couturat	1	0
Louis_de_Bonald	0	0
Louis_de_La_Forge	0	0
Lu_Ban	0	0
Lu_Jiuyuan	0	0
Luc_de_Clapiers,_marquis_de_Vauvenargues	0	0
Lucian	1	0
Lucien_Lévy-Bruhl	0	0
Lucilio_Vanini	0	0
Lucius_Annaeus_Cornutus	0	0
Lucretius	0	0
Ludwig_Boltzmann	0	0
Ludwig_Büchner	0	0
Ludwig_Feuerbach	1	1
Ludwig_Wittgenstein	1	1
Ludwig_von_Mises	0	0
Luigi_Guido_Grandi	0	0
Luis_de_Molina	0	0
Lysander_Spooner	0	0
Léon_Brunschvicg	0	0
Macrobius	0	0
Madhava_Tirtha	0	0
Madhvacharya	0	0
Mahapurna	0	0
Mahatma_Gandhi	0	0
Maimonides	1	1
Maine_de_Biran	0	0
Maitreyi	0	0
Makkhali_Gosala	0	0
Manilal_Dwivedi	0	0
Manuel_Chrysoloras	0	0
Mao_Zedong	1	0
Marcelino_Menéndez_y_Pelayo	0	0
Marcus_Aurelius	0	0
Margaret_Cavendish,_Duchess_of_Newcastle-upon-Tyne	0	0
Maria_Montessori	0	0
Marin_Mersenne	0	0
Markandeya	0	0
Marquis_de_Condorcet	0	0
Marquis_de_Sade	0	0
Marsilio_Ficino	1	0
Marsilius_of_Inghen	1	0
Marsilius_of_Padua	0	0
Martin_Buber	0	0
Martin_Heidegger	4	1
Martin_Knutzen	1	0
Martin_Luther	0	0
Mary_Astell	0	0
Mary_Baker_Eddy	0	0
Mary_Hays	0	0
Mary_Whiton_Calkins	0	0
Mary_Wollstonecraft	1	0
Matthew_Tindal	0	0
Matthew_of_Aquasparta	0	0
Maurice_Blondel	0	0
Max_Horkheimer	0	0
Max_Müller	0	0
Max_Planck	0	0
Max_Scheler	1	0
Max_Stirner	1	0
Max_Weber	1	0
Mazdak	0	0
Meister_Eckhart	1	0
Melissus_of_Samos	1	1
Mencius	1	1
Menedemus	0	0
Metrocles	0	0
Metrodorus_of_Chios	0	0
Metrodorus_of_Lampsacus_(the_elder)	0	0
Metrodorus_of_Lampsacus_(the_younger)	0	0
Metrodorus_of_Stratonicea	0	0
Michael_Polanyi	0	0
Michael_Psellos	0	0
Michael_Sendivogius	0	0
Michel_de_Montaigne	1	0
Michelangelo_Fardella	0	0
Miguel_de_Unamuno	0	0
Mikhail_Bakhtin	0	0
Mikhail_Bakunin	2	0
Mir_Damad	0	0
Miskawayh	0	0
Montesquieu	0	0
Mordecai_Kaplan	0	0
Moritz_Lazarus	0	0
Moritz_Schlick	0	0
Moses_Hess	2	0
Moses_Mendelssohn	0	0
Moses_ibn_Ezra	0	0
Moses_of_Narbonne	1	0
Motoori_Norinaga	0	0
Mozi	0	0
Muhammad_Abduh	0	0
Muhammad_Iqbal	0	0
Muhammad_ibn_Ahmad_al-Nasafi	0	0
Mulla_Sadra	0	0
Nachman_Krochmal	0	0
Nachmanides	0	0
Nagarjuna	0	0
Narahari_Tirtha	0	0
Narayana_Guru	0	0
Narayana_Panditacharya	0	0
Naropa	0	0
Nasir_al-Din_al-Tusi	0	0
Nathaniel_Culverwell	0	0
Nemesius	0	0
Niccolò_Machiavelli	2	1
Nichiren	0	0
Nicholas_of_Autrecourt	0	0
Nicholas_of_Cusa	0	0
Nicolai_Hartmann	0	0
Nicolas_Malebranche	1	1
Nicolaus_Copernicus	1	0
Nicolaus_Taurellus	0	0
Nicole_Oresme	2	0
Nicoletto_Vernia	0	0
Niels_Bohr	0	0
Nikolai_Berdyaev	1	0
Nikolai_Fyodorov_(philosopher)	1	0
Nikolay_Chernyshevsky	1	1
Nikolay_Danilevsky	0	0
Nikolay_Lossky	1	0
Nikolay_Mikhaylovsky	0	0
Nishi_Amane	0	0
Norman_Kemp_Smith	0	0
Norman_Robert_Campbell	0	0
Novalis	1	0
Numenius_of_Apamea	1	0
Oets_Kolk_Bouwsma	0	0
Ogyū_Sorai	0	0
Olaf_Stapledon	0	0
Oliver_Wendell_Holmes_Jr.	0	0
Olympiodorus_the_Younger	1	0
Omar_Khayyam	0	0
Orestes_Brownson	0	0
Origen	1	1
Oskar_Becker	0	0
Ostanes	1	0
Oswald_Spengler	0	0
Othmar_Spann	0	0
Otto_Neurath	0	0
Otto_Weininger	0	0
Otto_von_Gierke	0	0
P._D._Ouspensky	0	0
Padmanabha_Tirtha	0	0
Pakudha_Kaccayana	0	0
Panaetius	1	0
Pantaleo_Carabellese	0	0
Paracelsus	0	0
Parashara	0	0
Parmenides	1	1
Patanjali	0	0
Paul_Carus	0	0
Paul_Deussen	0	0
Paul_Natorp	0	0
Paul_Rée	0	0
Paul_Tillich	0	0
Paul_of_Venice	0	0
Pavel_Florensky	1	0
Pedro_da_Fonseca_(philosopher)	0	0
Pelagius	0	0
Percy_Williams_Bridgman	0	0
Peter_Browne_(theologian)	0	0
Peter_Damian	0	0
Peter_John_Olivi	0	0
Peter_Kropotkin	0	0
Peter_Lombard	0	0
Peter_Wessel_Zapffe	0	0
Peter_of_Auvergne	0	0
Peter_of_Pisa	0	0
Peter_of_Spain	0	0
Peter_the_Iberian	0	0
Petrarch	0	0
Petrus_Aureoli	0	0
Petrus_Ramus	0	0
Pherecydes_of_Syros	1	1
Philip_the_Chancellor	0	0
Philipp_Frank	0	0
Philipp_Mainländer	1	0
Philipp_Melanchthon	0	0
Philo	1	1
Philo_of_Larissa	0	0
Philo_the_Dialectician	0	0
Philodemus	1	0
Philolaus	1	2
Philostratus	0	0
Photios_I_of_Constantinople	0	0
Pierre-Joseph_Proudhon	0	0
Pierre-Simon_Ballanche	0	0
Pierre-Simon_Laplace	0	0
Pierre-Sylvain_Régis	0	0
Pierre_Bayle	2	2
Pierre_Charron	0	0
Pierre_Daniel_Huet	0	0
Pierre_Duhem	1	1
Pierre_Gassendi	0	0
Pierre_Jean_Georges_Cabanis	0	0
Pierre_Laffitte_(philosopher)	0	0
Pierre_Laromiguière	0	0
Pierre_Leroux	0	0
Pierre_Paul_Royer-Collard	0	0
Pierre_Teilhard_de_Chardin	0	0
Pierre_d'Ailly	0	0
Pietro_Pomponazzi	0	0
Pietro_d'Abano	0	0
Pillai_Lokacharya	0	0
Pingala	0	0
Plato	8	4
Plotinus	2	1
Plutarch	2	1
Polyaenus_of_Lampsacus	0	0
Pope_Gregory_I	0	0
Pope_Sylvester_II	0	0
Porphyry_of_Tyre	2	1
Posidonius	1	0
Prabhācandra	0	0
Prabhākara	0	0
Proclus	2	1
Prodicus	1	0
Profiat_Duran	0	0
Protagoras	2	1
Prudentius_of_Troyes	0	0
Pseudo-Dionysius_the_Areopagite	1	0
Ptolemy	0	0
Purana_Kassapa	0	0
Pyotr_Chaadayev	0	0
Pyotr_Lavrov	0	0
Pyrrho	2	0
Pythagoras	2	2
Pāṇini	0	0
Qusta_ibn_Luqa	0	0
R._G._Collingwood	0	0
Rabanus_Maurus	0	0
Rabindranath_Tagore	0	0
Radulphus_Brito	0	0
Raghunatha_Shiromani	0	0
Ralph_Barton_Perry	0	0
Ralph_Cudworth	1	1
Ralph_Waldo_Emerson	1	0
Ramanuja	0	0
Ramon_Llull	0	0
Ratnakīrti	0	0
Ratramnus	0	0
Reinhold_Niebuhr	0	0
Remigius_of_Auxerre	0	0
Renn_Hampden	0	0
René_Descartes	5	2
Richard_Avenarius	0	0
Richard_Bentley	0	0
Richard_Burthogge	0	0
Richard_Cumberland_(philosopher)	0	0
Richard_Dedekind	0	0
Richard_Hooker	0	0
Richard_Kroner	0	0
Richard_Payne_Knight	0	0
Richard_Price	3	1
Richard_Rufus_of_Cornwall	0	0
Richard_of_Middleton	0	0
Richard_of_Saint_Victor	0	0
Robert_Adamson_(philosopher)	0	0
Robert_Alyngton	0	0
Robert_Aspland	0	0
Robert_Blakey_(writer)	0	0
Robert_Boyle	1	0
Robert_Desgabets	0	0
Robert_Filmer	0	0
Robert_Flint_(theologian)	0	0
Robert_Fludd	0	0
Robert_Grosseteste	1	1
Robert_Holcot	0	0
Robert_Kilwardby	0	0
Roberto_Ardigò	0	0
Rodolphus_Agricola	0	0
Roger_Bacon	4	1
Roger_Joseph_Boscovich	0	0
Roger_Marston	0	0
Roman_Ingarden	0	0
Rosa_Luxemburg	1	1
Roscellinus	0	0
Roscoe_Pound	0	0
Roy_Wood_Sellars	0	0
Ruan_Ji	0	0
Rudolf_Bultmann	0	0
Rudolf_Carnap	0	0
Rudolf_Christoph_Eucken	0	0
Rudolf_Haym	0	0
Rudolf_Otto	0	0
Rudolf_Steiner	2	0
Rudolf_von_Jhering	0	0
Rudolph_Goclenius	0	0
Réginald_Garrigou-Lagrange	0	0
Saadia_Gaon	0	0
Salomon_Maimon	0	0
Samuel_Alexander	0	0
Samuel_Bailey	0	0
Samuel_Bold	0	0
Samuel_Butler_(novelist)	0	0
Samuel_Clarke	1	0
Samuel_Johnson	0	0
Samuel_Johnson_(pamphleteer)	0	0
Samuel_Taylor_Coleridge	1	0
Samuel_ibn_Tibbon	0	0
Samuel_von_Pufendorf	3	0
Sanjaya_Belatthiputta	0	0
Sarvepalli_Radhakrishnan	0	0
Sedulius_Scottus	0	0
Semyon_Frank	0	0
Seneca_the_Younger	3	0
Sengzhao	0	0
Sergei_Bulgakov	1	0
Sextus_Empiricus	2	0
Shadworth_Hodgson	0	0
Shah_Waliullah_Dehlawi	0	0
Shalva_Nutsubidze	0	0
Shang_Yang	1	0
Shao_Yong	1	1
Shem-Tov_ibn_Falaquera	1	0
Shen_Buhai	1	0
Shen_Dao	0	0
Shinran	0	0
Shūzō_Kuki	0	0
Sibawayh	0	0
Siddhasenadivākarasuri	0	0
Siddheshwar	0	0
Siger_of_Brabant	0	0
Sigmund_Freud	0	0
Simeon_ben_Zemah_Duran	0	0
Simon_Foucher	0	0
Simon_of_Faversham	0	0
Simplicius_of_Cilicia	2	2
Sir_Benjamin_Collins_Brodie,_1st_Baronet	0	0
Sir_William_Hamilton,_9th_Baronet	0	0
Socrates	4	2
Solomon_ibn_Gabirol	0	0
Speusippus	0	0
Sri_Aurobindo	1	0
Stanisław_Ignacy_Witkiewicz	0	0
Stanisław_Leśniewski	0	0
Stanisław_Staszic	0	0
Stilpo	0	0
Strato_of_Lampsacus	1	1
Su_Qin	0	0
Sun_Tzu	0	0
Sun_Yat-sen	0	0
Susan_Stebbing	0	0
Susanne_Langer	0	0
Syrianus	1	1
Sébastien_Basson	0	0
Søren_Kierkegaard	2	0
T._H._Green	0	0
Tadeusz_Czeżowski	0	0
Tadeusz_Kotarbiński	0	0
Tan_Sitong	0	0
Teresa_of_Ávila	0	0
Tertullian	0	0
Tetsurō_Watsuji	0	0
Thales_of_Miletus	1	1
The_Buddha	0	0
Theano_(philosopher)	0	0
Themistius	1	0
Theodore_Metochites	0	0
Theodoric_of_Freiberg	0	0
Theodorus_the_Atheist	0	0
Theophilos_Kairis	0	0
Theophrastus	1	1
Thierry_of_Chartres	0	0
Thiruvalluvar	0	0
Thomas_Aquinas	3	1
Thomas_Belsham	0	0
Thomas_Bradwardine	1	0
Thomas_Brown_(philosopher)	0	0
Thomas_Browne	0	0
Thomas_Cajetan	0	0
Thomas_Carlyle	1	0
Thomas_Gisborne	0	0
Thomas_Henry_Huxley	0	0
Thomas_Hobbes	3	3
Thomas_Hodgskin	1	0
Thomas_Jefferson	2	0
Thomas_More	0	0
Thomas_Paine	3	0
Thomas_Percival	0	0
Thomas_Reid	1	1
Thomas_Spencer_Baynes	0	0
Thomas_White_(scholar)	0	0
Thomas_of_Erfurt	0	0
Thomas_of_York_(Franciscan)	0	0
Thomas_à_Kempis	0	0
Thomé_H._Fang	0	0
Thoralf_Skolem	0	0
Thrasymachus	1	0
Thucydides	0	0
Théodore_Jouffroy	0	0
Thābit_ibn_Qurra	0	0
Timaeus_of_Locri	1	1
Timon_of_Phlius	2	0
Titus_Pomponius_Atticus	0	0
Tominaga_Nakamoto	0	0
Tommaso_Campanella	0	0
Tomáš_Masaryk	0	0
Trivikrama_Panditacharya	0	0
Ubertino_of_Casale	0	0
Udayana	0	0
Uddālaka_Āruṇi	0	0
Udyotakara	0	0
Uisang	0	0
Ulrich_of_Strasbourg	0	0
Umaswati	0	0
Uriel_da_Costa	0	0
Urso_of_Calabria	0	0
Valentin_Asmus_(philosopher)	0	0
Valentinus_(Gnostic)	0	0
Vallabha	0	0
Vasily_Rozanov	0	0
Vasishtha	0	0
Vasubandhu	0	0
Vedanta_Desika	0	0
Victor_Cousin	0	0
Victoria,_Lady_Welby	0	0
Vidyaranya	0	0
Vilfredo_Pareto	0	0
Vincent_of_Beauvais	0	0
Vincenzo_Gioberti	0	0
Vishnu_Tirtha	0	0
Vissarion_Belinsky	0	0
Vital_du_Four	0	0
Vitello	1	0
Vladimir_Lenin	3	2
Vladimir_Solovyov_(philosopher)	1	0
Voltaire	9	0
Vyasatirtha	0	0
Vāchaspati_Misra	0	0
Vātsyāyana	0	0
W._D._Ross	0	0
Walafrid_Strabo	0	0
Walter_Benjamin	0	0
Walter_Burley	0	0
Walter_Charleton	0	0
Walter_Chatton	0	0
Walter_Hilton	0	0
Walter_Terence_Stace	0	0
Walter_of_Bruges	0	0
Walter_of_Mortagne	0	0
Wang_Bi	0	0
Wang_Chong	0	0
Wang_Fuzhi	0	0
Wang_Yangming	0	0
Wasil_ibn_Ata	0	0
Wawrzyniec_Goślicki	0	0
Wesley_Newcomb_Hohfeld	0	0
Wilhelm_Dilthey	3	0
Wilhelm_Reich	0	0
Wilhelm_Traugott_Krug	0	0
Wilhelm_Windelband	1	0
Wilhelm_Wundt	1	3
Wilhelm_von_Humboldt	0	0
William_Belsham	0	0
William_Blackstone	0	0
William_Blake	0	0
William_Chillingworth	0	0
William_Crathorn	0	0
William_Ernest_Hocking	0	0
William_Ernest_Johnson	0	0
William_Godwin	2	0
William_Hazlitt	2	0
William_Henry_Stanley_Monck	0	0
William_James	1	1
William_Kingdon_Clifford	0	0
William_Law	0	0
William_McDougall_(psychologist)	0	0
William_Paley	1	0
William_Perault	0	0
William_Ralph_Inge	0	0
William_Ritchie_Sorley	0	0
William_Stanley_Jevons	0	0
William_Temple_(bishop)	0	0
William_Thompson_(philosopher)	1	0
William_Torrey_Harris	0	0
William_Whewell	0	0
William_Wollaston	0	0
William_de_la_Mare	0	0
William_of_Alnwick	0	0
William_of_Auvergne	0	0
William_of_Auxerre	0	0
William_of_Champeaux	0	0
William_of_Conches	0	0
William_of_Falgar	0	0
William_of_Heytesbury	0	0
William_of_Lucca	0	0
William_of_Macclesfield	0	0
William_of_Moerbeke	0	0
William_of_Newburgh	0	0
William_of_Nottingham_I	0	0
William_of_Nottingham_II	0	0
William_of_Ockham	1	0
William_of_Saint-Amour	0	0
William_of_Saint-Thierry	0	0
William_of_Sherwood	0	0
William_of_Soissons	0	0
Wolfgang_Köhler	0	0
Woncheuk	0	0
Wonhyo	0	0
Wu_Zhihui	0	0
Władysław_Tatarkiewicz	0	0
Xavier_Zubiri	0	0
Xenocrates	1	0
Xenophanes	1	1
Xenophon	1	1
Xiong_Shili	0	0
Xu_Xing_(philosopher)	0	0
Xunzi_(philosopher)	1	0
Yadava_Prakasa	0	0
Yahya_ibn_Adi	0	0
Yajnavalkya	0	0
Yang_Xiong_(author)	0	0
Yang_Zhu	0	0
Yi_Hwang	1	0
Yi_I	0	0
Yohanan_Alemanno	0	0
Zengzi	1	1
Zeno_of_Citium	2	1
Zeno_of_Elea	1	1
Zeno_of_Sidon	0	0
Zeno_of_Tarsus	0	0
Zhang_Dongsun	0	0
Zhang_Xuecheng	0	0
Zhang_Yi_(Warring_States_period)	0	0
Zhang_Zai	1	1
Zhi_Dun	0	0
Zhiyi	0	0
Zhou_Dunyi	1	1
Zhu_Xi	1	1
Zhuang_Zhou	0	0
Zichan	1	0
Zisi	0	0
Zoroaster	1	0
Zou_Yan	0	0
Édouard_Le_Roy	0	0
Émile_Boutroux	0	0
Émile_Durkheim	0	0
Émile_Littré	0	0
Émile_Meyerson	0	0
Émile_Saisset	0	0
Émilie_du_Châtelet	1	0
Étienne_Bonnot_de_Condillac	1	0
Étienne_Gilson	0	0
Īśvarakṛṣṇa	0	0
Śvetaketu	0	0
Śāriputra	0	0
